model,val_accuracy
gru,0.5603660345077515
bi_gru,0.5633800625801086
lstm,0.5544770359992981
bi_lstm,0.5513702630996704
gru_glove,0.5734114646911621
bi_gru_glove,0.5507983565330505
lstm_glove,0.5671205520629883
bi_lstm_glove,0.560783326625824
